{
    "version": "0.2.0",
    "configurations": [
        {
            // Use IntelliSense to find out which attributes exist for C# debugging
            // Use hover for the description of the existing attributes
            // For further information visit https://github.com/OmniSharp/omnisharp-vscode/blob/master/debugger-launchjson.md
            "name": ".NET Core Launch (console)",
            "type": "coreclr",
            "request": "launch",
            "preLaunchTask": "build",
            // If you have changed target frameworks, make sure to update the program path.
            "program": "${workspaceFolder}/bin/Debug/net5.0/csharp_code.dll",
            "args": [],
            "cwd": "${workspaceFolder}",
            // For more information about the 'console' field, see https://aka.ms/VSCode-CS-LaunchJson-Console
            "console": "externalTerminal",
        //    "internalConsoleOptions": "neverOpen" ,
            "stopAtEntry": false
        },
        {
            "name": ".NET Core Attach",
            "type": "coreclr",
            "request": "attach"
        }
    ]
}